product_name,review_type,store_location,product_price,product_review
MagicShine,Positive,"New York, NY",$20,"MagicShine is a fantastic hair product. I bought it at a store in New York for $20, and it's worth every penny. My hair has never looked so shiny and healthy. The fragrance is lovely, and it lasts all day. I highly recommend it!"
MagicShine,Positive,"Chicago, IL",$18,"I found MagicShine in a Chicago store for $18. It's a great value for the quality. My hair feels soft and looks glossy. The application is easy, and it washes out without any residue. A must-have for anyone looking for a quality hair product."
MagicShine,Negative,"Los Angeles, CA",$25,"I bought MagicShine in Los Angeles for $25, and I'm disappointed. The product made my hair feel greasy, and the quality doesn't match the price. The delivery was also late, adding to my frustration. I won't be purchasing it again."
MagicShine,Negative,"Houston, TX",$22,"MagicShine was a letdown for me. I bought it in Houston for $22, and it didn't work as advertised. The quality is subpar, and it left my hair dry. Additionally, the price is too high for what it offers. I had issues with the delivery as well, which arrived damaged."
MagicShine,Neutral,"Miami, FL",$20,"MagicShine is an average hair product. I purchased it in Miami for $20. It does add some shine to the hair, but the effects are not long-lasting. The price is reasonable, but there are better products out there for the same cost. It's neither bad nor great, just mediocre."
SilkGlow,Positive,"Boston, MA",$15,"SilkGlow is an incredible find! I bought it in Boston for $15, and my hair feels so smooth. It's easy to apply, smells great, and the shine lasts all day. Highly recommended!"
SilkGlow,Positive,"Seattle, WA",$16,I discovered SilkGlow in Seattle for $16. It's a real bargain for the quality. My hair looks healthier and feels softer. The packaging is also eco-friendly. Love it!
SilkGlow,Negative,"Dallas, TX",$18,"I'm not happy with SilkGlow. I bought it in Dallas for $18, and it left my hair feeling sticky. The quality is poor, and the price is too high. The delivery was also delayed."
SilkGlow,Negative,"Denver, CO",$17,"SilkGlow was a disappointment. I purchased it in Denver for $17, and it didn't live up to the hype. The quality is lacking, and it caused my hair to tangle. The price is not justified."
SilkGlow,Neutral,"Atlanta, GA",$15,"SilkGlow is an average product. I bought it in Atlanta for $15. It does add some softness, but the effects are temporary. The price is fair, but there are better options out there."
AquaSmooth,Positive,"San Francisco, CA",$22,"AquaSmooth is a game-changer. I bought it in San Francisco for $22, and it's worth every cent. My hair feels hydrated and looks sleek. It's vegan and cruelty-free too. A must-try!"
AquaSmooth,Positive,"Phoenix, AZ",$20,"I found AquaSmooth in Phoenix for $20. It's a fantastic product that hydrates and smoothens the hair. The natural ingredients are a big plus, and the price is reasonable. Highly recommend!"
AquaSmooth,Negative,"Philadelphia, PA",$24,"AquaSmooth didn't work for me. I bought it in Philadelphia for $24, and it's overpriced. The quality is mediocre, and it made my hair feel heavy. The delivery was also problematic."
AquaSmooth,Negative,"San Diego, CA",$23,"I regret buying AquaSmooth. I purchased it in San Diego for $23, and it's not worth the money. The quality is subpar, and it left a residue in my hair. The price is too high for what it offers."
AquaSmooth,Neutral,"Detroit, MI",$21,"AquaSmooth is okay but not great. I bought it in Detroit for $21. It does moisturize the hair, but the effects don't last long. The price is a bit high for the overall quality."
NatureLock,Positive,"Austin, TX",$19,"NatureLock is a revelation! I bought it in Austin for $19, and it locks in the natural moisture of my hair. It's organic, smells fresh, and leaves my hair feeling healthy. A great buy!"
NatureLock,Positive,"Nashville, TN",$18,I found NatureLock in Nashville for $18. It's a great value for an organic product. My hair feels nourished and looks vibrant. The packaging is also recyclable. Highly recommend!
NatureLock,Negative,"Indianapolis, IN",$21,"I'm disappointed with NatureLock. I bought it in Indianapolis for $21, and it didn't work for me. The quality is inconsistent, and the price is too high. The delivery was also late."
NatureLock,Negative,"Columbus, OH",$20,"NatureLock was a letdown. I purchased it in Columbus for $20, and it left my hair dry. The quality is not worth the price, and the delivery arrived damaged. Won't buy again."
NatureLock,Neutral,"Jacksonville, FL",$19,"NatureLock is an average product. I bought it in Jacksonville for $19. It does add some moisture, but the effects are not long-lasting. The price is reasonable, but there are better products out there."
VolumeBoost,Positive,"Nashville, TN",$18,"VolumeBoost is amazing! I bought it in Nashville for $18, and it gave my hair the volume I've always wanted. It's lightweight, easy to use, and the price is just right. Love it!"
VolumeBoost,Positive,"Indianapolis, IN",$17,"I found VolumeBoost in Indianapolis for $17. It's a fantastic product that adds volume without making hair stiff. The natural ingredients are a plus, and the price is affordable. Highly recommend!"
VolumeBoost,Negative,"Columbus, OH",$20,"VolumeBoost didn't work for me. I bought it in Columbus for $20, and it's overpriced. The quality is mediocre, and it weighed down my hair. The delivery was also problematic."
VolumeBoost,Negative,"Jacksonville, FL",$19,"I regret buying VolumeBoost. I purchased it in Jacksonville for $19, and it's not worth the money. The quality is subpar, and it left my hair flat. The price is too high for what it offers."
VolumeBoost,Neutral,"San Antonio, TX",$18,"VolumeBoost is okay but not great. I bought it in San Antonio for $18. It does add some volume, but the effects don't last long. The price is a bit high for the overall quality."
CurlEmbrace,Positive,"Indianapolis, IN",$21,"CurlEmbrace is a must-have for curly hair. I bought it in Indianapolis for $21, and it enhances my curls without frizz. It's gentle, smells lovely, and the price is fair. A great product!"
CurlEmbrace,Positive,"Columbus, OH",$20,"I found CurlEmbrace in Columbus for $20. It's a wonderful product that defines curls and adds shine. The natural ingredients are a bonus, and the price is reasonable. Highly recommend!"
CurlEmbrace,Negative,"Jacksonville, FL",$23,"CurlEmbrace didn't meet my expectations. I bought it in Jacksonville for $23, and it's overpriced. The quality is lacking, and it made my curls limp. The delivery was also delayed."
CurlEmbrace,Negative,"San Antonio, TX",$22,"I'm unhappy with CurlEmbrace. I purchased it in San Antonio for $22, and it didn't work as advertised. The quality is poor, and it left a residue in my hair. The price is not justified."
CurlEmbrace,Neutral,"Charlotte, NC",$21,"CurlEmbrace is an average product. I bought it in Charlotte for $21. It does enhance curls, but the effects are temporary. The price is fair, but there are better options out there."
FrizzFree,Positive,"Columbus, OH",$16,"FrizzFree is a lifesaver! I bought it in Columbus for $16, and it tamed my frizzy hair. It's lightweight, non-greasy, and the price is a bargain. Highly recommended!"
FrizzFree,Positive,"Jacksonville, FL",$15,"I discovered FrizzFree in Jacksonville for $15. It's a real bargain for the quality. My hair looks sleek and feels soft. The application is easy, and it washes out without any residue. A must-have!"
FrizzFree,Negative,"San Antonio, TX",$18,"I'm not happy with FrizzFree. I bought it in San Antonio for $18, and it left my hair feeling sticky. The quality is poor, and the price is too high. The delivery was also late."
FrizzFree,Negative,"Charlotte, NC",$17,"FrizzFree was a disappointment. I purchased it in Charlotte for $17, and it didn't live up to the hype. The quality is lacking, and it caused my hair to tangle. The price is not justified."
FrizzFree,Neutral,"Austin, TX",$16,"FrizzFree is an average product. I bought it in Austin for $16. It does reduce some frizz, but the effects are not long-lasting. The price is reasonable, but there are better products out there."
HerbalTouch,Positive,"Jacksonville, FL",$17,"HerbalTouch is a fantastic hair product. I bought it in Jacksonville for $17, and it's worth every penny. My hair has never looked so healthy. The herbal fragrance is lovely, and it lasts all day. I highly recommend it!"
HerbalTouch,Positive,"San Antonio, TX",$16,"I found HerbalTouch in San Antonio for $16. It's a great value for the quality. My hair feels soft and looks glossy. The application is easy, and it washes out without any residue. A must-have!"
HerbalTouch,Negative,"Charlotte, NC",$19,"I bought HerbalTouch in Charlotte for $19, and I'm disappointed. The product made my hair feel greasy, and the quality doesn't match the price. The delivery was also late, adding to my frustration."
HerbalTouch,Negative,"Austin, TX",$18,"HerbalTouch was a letdown for me. I bought it in Austin for $18, and it didn't work as advertised. The quality is subpar, and it left my hair dry. Additionally, the price"